name_var	gene	type	chr	pos.start	pos.end	ref.base	alt.base	genotype	cov.ref	cov.alt	annotation	known.flag	dbsnp.freq	1000g.freq
rs12145706	FRRS1	nonsynonymous	1	100174670	100174670	C	T	het	21	22	FRRS1:NM_001013660:exon17:c.G1665A:p.M555I,	1	0.14360137258474773	0.14
rs7537296	FRRS1	synonymous	1	100203648	100203648	C	T	het	29	41	FRRS1:NM_001013660:exon7:c.G753A:p.Q251Q,	1	0.5216261308355032	0.49
rs7514021	FRRS1	synonymous	1	100203693	100203693	G	A	het	39	45	FRRS1:NM_001013660:exon7:c.C708T:p.S236S,	1	0.5209655158231851	0.49
rs2230306	AGL	synonymous	1	100336361	100336361	C	T	het	40	35	AGL:NM_000643:exon7:c.C894T:p.L298L,AGL:NM_000028:exon7:c.C894T:p.L298L,AGL:NM_000642:exon7:c.C894T:p.L298L,AGL:NM_000646:exon7:c.C846T:p.L282L,AGL:NM_000645:exon5:c.C843T:p.L281L,AGL:NM_000644:exon7:c.C894T:p.L298L,	1	0.7434676333127402	0.74
rs144990398	SASS6	synonymous	1	100550923	100550923	C	T	het	58	46	SASS6:NM_194292:exon17:c.G1935A:p.A645A,	1	0.00275482	0.0027
rs472498	TRMT13	nonsynonymous	1	100598866	100598866	G	A	hom	0	9	TRMT13:NM_019083:exon1:c.G142A:p.A48T,	1		0.63
rs687513	TRMT13	nonsynonymous	1	100598867	100598867	C	T	hom	0	9	TRMT13:NM_019083:exon1:c.C143T:p.A48V,	1	0.7072812323476754	0.61
rs12021720	DBT	nonsynonymous	1	100672060	100672060	T	C	hom	0	134	DBT:NM_001918:exon9:c.A1150G:p.S384G,	1	0.8669261956769934	0.90
rs3176879	VCAM1	synonymous	1	101203827	101203827	G	A	hom	0	73	VCAM1:NM_080682:exon8:c.G1932A:p.K644K,VCAM1:NM_001199834:exon9:c.G2022A:p.K674K,VCAM1:NM_001078:exon9:c.G2208A:p.K736K,	1	0.863834734269278	0.87
